farm_id,x,y,county,district,species,production,capacity,date_suspicious,date_confirmed,detection_method,cull_status
7659,443092.206048568,4.59975178716962e6,Susquehanna,Winfield,chicken,broiler_1,5184,2025-12-20,2025-12-22,passive,completed
4118,454974.821705599,4.54136825526148e6,Berks,Belleville,chicken,broiler_2,1910,2025-12-21,2025-12-25,passive,completed
5370,474365.700725534,4.70158657678871e6,Indiana,Corbin City,chicken,broiler_1,4116,2025-12-24,2025-12-25,preshipment,completed
5449,456205.277609198,4.56594064897748e6,Berks,Stow Creek,chicken,broiler_2,2996,2025-12-26,2025-12-28,passive,completed
6531,455769.197704016,4.70789829786713e6,Indiana,Brielle,chicken,broiler_2,4080,2025-12-24,2025-12-29,passive,completed
7657,489339.034198594,4.51024460371806e6,Luzerne,Hardyston,chicken,broiler_2,2711,2025-12-27,2025-12-29,passive,completed
2481,435394.083010975,4.55686966746459e6,Berks,Stratford,chicken,broiler_2,1000,2025-12-27,2025-12-31,passive,completed
5756,450025.286282359,4.70759940829413e6,Indiana,Little Ferry,chicken,broiler_2,2890,2025-12-30,2025-12-31,passive,completed
6371,486690.736597033,4.67622039785632e6,Allegheny,Peapack-Gladstone,chicken,broiler_2,3418,2025-12-29,2026-01-01,passive,completed
8955,458022.614095913,4.55979417128556e6,Berks,Barnegat Light,chicken,broiler_2,3741,2025-12-31,2026-01-01,passive,completed
2467,432955.832770631,4.54099930385644e6,Berks,Sayreville,chicken,broiler_2,1984,2025-12-31,2026-01-02,passive,completed
3178,434562.793103162,4.56317023681972e6,Susquehanna,Closter,chicken,broiler_1,4554,2026-01-01,2026-01-02,preshipment,completed
6290,463192.732018631,4.71114093085305e6,Indiana,Morristown,duck,organic,1232,2025-12-31,2026-01-02,passive,completed
6490,437729.352584943,4.59685583023113e6,Susquehanna,Fair Lawn,chicken,broiler_1,4580,2025-12-31,2026-01-02,passive,completed
2838,430615.677437974,4.5593233095898e6,Susquehanna,Lyndhurst,duck,organic,398,2026-01-01,2026-01-03,passive,completed
3857,447054.14446075,4.52967850713752e6,Berks,Belmar,chicken,broiler_2,2159,2025-12-29,2026-01-03,passive,completed
4848,444938.323564966,4.70261792248009e6,Lancaster,Norriton,chicken,broiler_2,1852,2026-01-02,2026-01-03,passive,completed
2667,430206.833830644,4.54501781842764e6,Berks,Liberty,chicken,broiler_1,4050,2026-01-03,2026-01-04,passive,completed
3526,453982.765418437,4.55137281705574e6,Berks,Port Matilda,duck,conventional,16088,2025-12-31,2026-01-04,passive,completed
3535,435261.967003111,4.5663978941619e6,Susquehanna,Closter,chicken,broiler_1,6606,2026-01-03,2026-01-04,preshipment,completed
3858,436185.1851745,4.56020865036699e6,Susquehanna,Closter,chicken,broiler_2,570,2026-01-03,2026-01-04,passive,completed
4229,452733.01927809,4.57643957413965e6,Susquehanna,Kingwood,chicken,broiler_2,2334,2026-01-01,2026-01-04,passive,completed
4595,453162.368538977,4.574753953941e6,Susquehanna,Kingwood,chicken,broiler_1,5864,2026-01-02,2026-01-04,passive,completed
6000,475170.837480021,4.70163703504385e6,Indiana,Corbin City,chicken,broiler_2,3947,2026-01-02,2026-01-04,passive,completed
1849,466467.671719534,4.68491830871217e6,Indiana,Wharton,chicken,broiler_2,2561,2026-01-03,2026-01-05,passive,completed
2376,424530.265192925,4.55800715534007e6,Susquehanna,Lyndhurst,chicken,broiler_2,2378,2026-01-03,2026-01-05,passive,completed
2447,442172.603810158,4.53218336063627e6,Berks,Arlington,chicken,broiler_1,5586,2026-01-04,2026-01-05,passive,completed
3079,428965.473065828,4.5472254622939e6,Berks,Tenafly,chicken,broiler_2,1553,2026-01-03,2026-01-05,passive,completed
3628,457507.813437913,4.53053714594794e6,Berks,Bayonne,chicken,broiler_2,2237,2026-01-02,2026-01-05,passive,completed
1633,454156.775449578,4.68969931515698e6,Lancaster,Branchville,chicken,broiler_2,1414,2026-01-02,2026-01-06,passive,completed
3722,446928.279554637,4.55378998959294e6,Berks,Pennsville,duck,organic,834,2026-01-04,2026-01-06,passive,completed
3805,445111.553968475,4.55906594357818e6,Berks,Berlin,chicken,broiler_2,1093,2026-01-05,2026-01-06,passive,completed
4885,449637.819918205,4.5721703932091e6,Susquehanna,Kingwood,chicken,broiler_2,542,2026-01-05,2026-01-06,passive,completed
5833,465741.949172122,4.71130460162087e6,Indiana,Morristown,chicken,broiler_2,3844,2026-01-05,2026-01-06,passive,completed
7615,429232.352522967,4.70638462238107e6,Lancaster,Bay Head,chicken,broiler_2,3913,2026-01-03,2026-01-06,passive,completed
8752,466289.226504489,4.64736842564004e6,Allegheny,Brigantine,chicken,broiler_2,4488,2026-01-02,2026-01-06,passive,completed
8974,474861.086831305,4.7007294364646e6,Indiana,Corbin City,duck,organic,850,2026-01-01,2026-01-06,passive,completed
2234,429525.282052938,4.54293499293098e6,Berks,Liberty,duck,organic,893,2026-01-06,2026-01-07,passive,completed
2395,425345.122050855,4.52442305250116e6,Berks,Ocean City,chicken,broiler_2,2139,2026-01-04,2026-01-07,passive,completed
2743,434045.285557846,4.52819722781479e6,Berks,Carteret,chicken,broiler_2,1354,2026-01-06,2026-01-07,passive,completed
2936,427267.864199055,4.55891271380539e6,Susquehanna,Lyndhurst,chicken,broiler_2,2580,2026-01-06,2026-01-07,passive,completed
3383,445862.170979023,4.56034348108075e6,Berks,Berlin,chicken,layer,18871,2026-01-05,2026-01-07,passive,completed
4106,428464.402536677,4.56470820773008e6,Susquehanna,Closter,chicken,broiler_1,5074,2026-01-06,2026-01-07,passive,completed
4162,474345.8976913,4.68262816120315e6,Indiana,Ship Bottom,chicken,broiler_2,1139,2026-01-06,2026-01-07,passive,completed
6583,446171.087495712,4.7108295659884e6,Indiana,Woodcliff Lake,chicken,broiler_2,3344,2026-01-06,2026-01-07,passive,completed
3763,441840.607686405,4.56812258953387e6,Susquehanna,Elizabeth,chicken,broiler_2,1387,2026-01-06,2026-01-08,passive,planned
8120,483504.197675779,4.69229374918235e6,Indiana,Buena Vista,duck,conventional,13291,2026-01-06,2026-01-08,passive,in progress
8403,474685.262928668,4.70081094931035e6,Indiana,Corbin City,chicken,broiler_1,6218,,2026-01-08,preshipment,completed
2969,423380.247421691,4.52047928792244e6,Berks,Ocean City,chicken,broiler_2,1549,2026-01-08,2026-01-09,passive,completed
3144,419294.356815244,4.556233835814e6,Cumberland,Hammonton,chicken,broiler_1,3809,2026-01-08,2026-01-09,passive,completed
3311,443865.811188822,4.55236727610705e6,Berks,Bellefonte,chicken,broiler_1,4845,2026-01-07,2026-01-09,passive,in progress
7499,481617.846541954,4.50582134569441e6,Luzerne,Teaneck,duck,conventional,17706,2026-01-06,2026-01-09,passive,in progress
8306,461543.382092097,4.7102344719997e6,Indiana,Morristown,duck,conventional,15947,2026-01-08,2026-01-09,passive,in progress
9041,462033.941768454,4.71958677741713e6,Indiana,Wall,duck,conventional,12783,2026-01-07,2026-01-09,passive,in progress
2396,435691.857486477,4.53797517965199e6,Berks,Hazlet,chicken,broiler_2,1814,2026-01-09,2026-01-10,passive,in progress
2953,428312.95869999,4.52327183534625e6,Berks,Ocean City,duck,organic,881,2026-01-08,2026-01-10,passive,completed
3133,430003.669304644,4.55060250255765e6,Berks,Stratford,chicken,broiler_2,2016,2026-01-09,2026-01-10,passive,completed
3624,432541.379248979,4.57062064212273e6,Lycoming,Mansfield,chicken,broiler_1,3624,2026-01-08,2026-01-10,passive,in progress
4088,445270.063674172,4.55708454214951e6,Berks,Berlin,chicken,broiler_1,5702,,2026-01-10,preshipment,completed
5418,472859.749833618,4.68559128323437e6,Indiana,Bryn Athyn,chicken,broiler_2,3450,2026-01-08,2026-01-10,passive,in progress
6019,446327.568902583,4.56831861414948e6,Berks,Taylor,duck,conventional,14681,2026-01-08,2026-01-10,passive,in progress
8506,478967.456947275,4.69221410457345e6,Indiana,Paterson,chicken,broiler_2,3264,2026-01-06,2026-01-10,passive,in progress
2425,429769.611683156,4.51876201084434e6,Berks,Wallington,chicken,layer,18271,2026-01-10,2026-01-11,passive,planned
2490,424726.542757516,4.54139952309355e6,Berks,Liberty,chicken,broiler_2,823,2026-01-09,2026-01-11,passive,planned
3027,424182.691389579,4.54473791303804e6,Berks,Liberty,chicken,broiler_2,2033,2026-01-10,2026-01-11,passive,planned
3085,440499.484169323,4.53673601655147e6,Berks,Hazlet,chicken,broiler_2,1737,2026-01-09,2026-01-11,passive,planned
3555,436564.166549936,4.57323472902562e6,Susquehanna,Galloway,duck,organic,928,2026-01-10,2026-01-11,passive,planned
3615,440001.931024159,4.55266630009994e6,Berks,Berlin,chicken,broiler_1,3785,2026-01-10,2026-01-11,passive,planned
3899,442623.880310133,4.55221744012523e6,Berks,Bellefonte,chicken,broiler_2,1914,2026-01-09,2026-01-11,passive,planned
5769,475205.364003086,4.69737868481554e6,Indiana,Allamuchy,duck,conventional,16570,2026-01-10,2026-01-11,passive,planned
7510,489162.248571272,4.68720761313073e6,Allegheny,Peapack-Gladstone,duck,conventional,16143,2026-01-10,2026-01-11,passive,in progress
8745,490440.388747007,4.50414964143843e6,Luzerne,Teaneck,chicken,layer,17934,2026-01-10,2026-01-11,passive,planned
952,439912.673550948,4.65816097789942e6,Allegheny,Demarest,chicken,broiler_2,1849,,2026-01-12,contact_tracing,planned
2370,427075.964724394,4.5218884554788e6,Berks,Ocean City,chicken,broiler_2,2658,2026-01-10,2026-01-12,passive,planned
2420,429106.633439974,4.55819878140092e6,Susquehanna,Lyndhurst,chicken,broiler_1,4390,2026-01-11,2026-01-12,passive,planned
2559,425090.109874675,4.52372976844847e6,Berks,Ocean City,chicken,broiler_2,1989,2026-01-10,2026-01-12,passive,planned
2945,427019.671405261,4.55849368293524e6,Susquehanna,Lyndhurst,chicken,broiler_2,518,2026-01-11,2026-01-12,passive,planned
2968,436697.957671626,4.54446603809436e6,Berks,Manalapan,chicken,broiler_2,1258,2026-01-10,2026-01-12,passive,planned
2970,433775.009133916,4.55500059762076e6,Susquehanna,Lyndhurst,chicken,broiler_2,996,2026-01-11,2026-01-12,passive,planned
3013,445560.374145039,4.53465308853794e6,Berks,Arlington,chicken,broiler_2,2147,2026-01-09,2026-01-12,passive,planned
3023,425760.135313043,4.54830351813542e6,Berks,Tenafly,chicken,layer,16913,2026-01-11,2026-01-12,passive,planned
3046,436832.211229398,4.5515832595432e6,Berks,Stratford,chicken,layer,17586,2026-01-11,2026-01-12,passive,planned
3248,451155.971273036,4.5488601894781e6,Berks,Bernardsville,chicken,broiler_2,2128,2026-01-10,2026-01-12,passive,planned
3918,428925.437862849,4.57565368397339e6,Lycoming,Avalon,chicken,layer,18124,2026-01-11,2026-01-12,passive,planned
5546,480283.378753759,4.50812062929304e6,Luzerne,Teaneck,duck,organic,482,2026-01-09,2026-01-12,passive,planned
7375,451526.109393302,4.60006195904088e6,Susquehanna,Keansburg,chicken,broiler_2,3203,2026-01-09,2026-01-12,passive,planned
7683,488049.324772737,4.67226952833931e6,Allegheny,Colts Neck,chicken,broiler_2,2755,2026-01-09,2026-01-12,passive,planned
7721,485883.622077725,4.69529557413421e6,Indiana,Stockton,chicken,broiler_1,5292,,2026-01-12,preshipment,planned
9102,449847.62530469,4.57316818284906e6,Susquehanna,Kingwood,duck,conventional,15917,2026-01-11,2026-01-12,passive,planned
2243,442845.11515946,4.53066742318795e6,Berks,Arlington,duck,conventional,14383,2026-01-12,2026-01-13,passive,planned
2319,425953.992254835,4.55089508275598e6,Berks,Tenafly,duck,organic,1298,2026-01-11,2026-01-13,passive,planned
2438,441196.813876669,4.54189262414807e6,Berks,Sayreville,chicken,broiler_1,6637,2026-01-11,2026-01-13,passive,planned
2485,439601.955701387,4.52920677948896e6,Berks,Carteret,duck,organic,480,2026-01-12,2026-01-13,passive,planned
2495,411815.927010222,4.54976781316439e6,Cumberland,Roxbury,chicken,broiler_2,1136,2026-01-11,2026-01-13,passive,planned
2533,441516.914508697,4.54770415119332e6,Berks,Manalapan,duck,conventional,15418,2026-01-11,2026-01-13,passive,planned
2610,440554.149453913,4.54202051975363e6,Berks,Sayreville,chicken,broiler_2,602,2026-01-11,2026-01-13,passive,planned
2996,430809.24568303,4.537436381113e6,Berks,Fairfield,chicken,broiler_2,1267,2026-01-12,2026-01-13,passive,planned
3630,424225.922882264,4.57172429698256e6,Lycoming,Avalon,chicken,broiler_2,1294,2026-01-12,2026-01-13,passive,planned
5229,480927.895608575,4.7284845025739e6,Indiana,Wales,duck,organic,1105,2026-01-10,2026-01-13,passive,planned
6467,437523.48830002,4.59479310579393e6,Susquehanna,Fair Lawn,chicken,broiler_2,2685,2026-01-11,2026-01-13,passive,planned
6685,482567.887312622,4.68872521023194e6,Indiana,Paterson,chicken,broiler_2,2757,2026-01-12,2026-01-13,passive,planned
7661,431544.45901129,4.61240188134587e6,Susquehanna,Commercial,chicken,broiler_2,3105,2026-01-11,2026-01-13,passive,planned
7716,432557.176785606,4.58434519158073e6,Susquehanna,Mount Holly,chicken,layer,17749,2026-01-11,2026-01-13,passive,planned
